{
    "connectionString": "mongodb+srv://main_user:1234qwer@zoominfo.mpxmc.mongodb.net/?retryWrites=true&w=majority",
    "http": {
        "enabled": true,
        "port": 3000,
        "host": "localhost"
    },
    "reportInterval": 10000,
    "templates": [
        {
            "name": "person",
            "database": "zi",
            "collection": "person",
            "drop": false,
            "createOptions": {
                "validator": {
                    "sequence": {"$exists": true}
                }
            },
            "dictionaries": {
                "words": {"file": "/usr/share/dict/words", "type":"text"},
                "names": ["John", "Jill", "Joe", "Janet"],
                "statuses": ["RUNNING", {"status": "DONE", "substatus": "OK"}, {"status": "DONE", "substatus": "NOK"}],
                "characters": {"file": "characters.json", "type": "json"},
                "locations": {"file": "locations.txt", "type": "text"}
            },
            "variables": {
                "num": {"%number": {"min": 0, "max": 50}},
                "createDate": {"%date":{"min": {"$date": "2021-10-01"}, "max": {"$date": "2021-11-01"}}}
            },
            "template": {
 
             },
            "remember": [{"field": "first","preload": false}, "sentence"],
            "indexes": [ { "first": 1} ]
        }
    ],
    "workloads": [

        {
            "name": "join",
            "template": "person",
            "op": "aggregate",
            "params": {
                "pipeline": [{
                    "$match": {
                     "gender": "Female"
                    }
                   }, {
                    "$lookup": {
                     "from": "company",
                     "localField": "companyId",
                     "foreignField": "companyId",
                     "as": "companyDetails"
                    }
                   }]
            }
        }
 
    ]
    
}